                  epoch,         train/box_loss,         train/cls_loss,         train/dfl_loss,   metrics/precision(B),      metrics/recall(B),       metrics/mAP50(B),    metrics/mAP50-95(B),           val/box_loss,           val/cls_loss,           val/dfl_loss,                 lr/pg0,                 lr/pg1,                 lr/pg2
                      1,                 3.7243,                 3.7613,                 4.2851,                0.00333,                    0.5,                0.00553,                0.00369,                 3.7438,                  3.862,                  3.935,                      0,                      0,                      0
                      2,                  3.822,                 3.7961,                 4.0143,                0.00333,                    0.5,                0.00553,                0.00352,                 3.7239,                 3.8708,                 3.9352,              1.604e-05,              1.604e-05,              1.604e-05
                      3,                 3.6519,                 4.4163,                 4.1567,                0.00333,                    0.5,                0.00633,                0.00505,                 3.7041,                 3.8858,                 3.9372,              2.416e-05,              2.416e-05,              2.416e-05
                      4,                 3.2906,                 3.1387,                 3.6261,                0.00333,                    0.5,                0.00633,                0.00473,                 3.6772,                 3.8636,                  3.912,              2.436e-05,              2.436e-05,              2.436e-05
                      5,                 3.6088,                  3.686,                 4.0681,                0.00333,                    0.5,                0.00633,                0.00473,                 3.6607,                 3.8472,                 3.8881,              1.664e-05,              1.664e-05,              1.664e-05
